"Date","PCECTPI","headline_inflation","headline_inflation_change","headline_inflation_ma","JCXFE","core_inflation","core_inflation_change","core_inflation_ma","food_energy","food_energy_late_period","UNRATE","ST_UNRATE","LT_UNRATE","OPHNFB","trend_8_quarter","actual_8_quarter_change","nixon_price_on","nixon_price_off","NIXON","n","NAIRU_smoothed","NAIRU","UNGAP_raw","UNGAP"
"1973-Q4",23.11,7.17929691123272,1.29281851213043,6.93329181693634,23.474,4.86486486486486,0.78754411862975,4.75023339850034,2.31443204636786,0,4.76666666666667,4.42155466498857,0.345112001678094,48.041,4.21954607283783,5.80086770762217,0,0,0,1,6.01684578721414,5.51770128175631,-0.751034615089639,-1.25017912054747
"1974-Q1",23.798,9.05008477294596,1.87078786171325,8.6637084036099,23.877,5.92697750765272,1.06211264278786,5.7579779291999,3.12310726529325,0,5.13333333333333,4.74689662468036,0.386436708652973,47.925,4.14134291037928,3.92046316976386,0,0,0,2,6.03670870589234,5.65860024933176,-0.525266915998435,-0.90337537255901
"1974-Q2",24.472,10.0260767916554,0.975992018709466,9.55472134519519,24.47,7.09908963585434,1.17211212820163,6.85842912974062,2.92698715580109,0,5.2,4.79452304086245,0.405476959137546,47.78,4.06194080208198,1.6012078167861,0,0,0,3,6.05625965925463,6.05275855774763,-0.852758557747627,-0.856259659254628
"1974-Q3",25.132,10.9727557733916,0.946678981736204,10.4114541715103,25.169,8.71199032480995,1.61290068895561,8.35319086317377,2.26076544858168,0,5.63333333333333,5.18718451793799,0.446148815395343,47.289,3.98313124499475,-0.0211420960273959,0,1.6,1.6,4,6.07495036419974,6.47193772704692,-0.838604393713587,-0.441617030866414
"1974-Q4",25.771,11.5144958892254,0.541740115833816,10.8984404436894,25.784,9.84067478912839,1.12868446431844,9.38607188352045,1.67382110009706,0,6.6,6.08960527072904,0.510394729270959,47.712,3.90632124663748,0.023060313200987,0,1.6,1.6,5,6.09223034943799,7.27695159878575,-0.676951598785747,0.50776965056201
"1975-Q1",26.256,10.3285990419363,-1.18589684728914,9.82929908147732,26.288,10.0975834485069,0.256908659378544,9.61969088030901,0.231015593429369,0,8.26666666666667,7.4848872501066,0.781779416560063,48.068,3.83229214682051,-1.46163465283615,0,0,0,6,6.10779726078144,6.87116529297237,1.3955013736943,2.15886940588523
"1975-Q2",26.578,8.60575351422032,-1.72284552771598,8.25541990607137,26.688,9.06416019615856,-1.03342325234837,8.67661487217561,-0.458406681938238,0,8.86666666666667,7.65689423124853,1.20977243541814,48.834,3.76121852583331,0.0655710831523372,0,0,0,7,6.12208919482301,6.0540057451235,2.81266092154317,2.74457747184366
"1975-Q3",27.076,7.73515836383893,-0.870595150381398,7.45057921056604,27.089,7.62843180102506,-1.4357283951335,7.35146629043975,0.106726562813863,0,8.46666666666667,6.90794482709776,1.55872183956891,49.431,3.69244778790292,2.25058436588543,0,0,0,8,6.13602135317574,5.84334069533345,2.62332597133322,2.33064531349093
"1975-Q4",27.53,6.82550153273059,-0.909656831108338,6.60264904313328,27.53,6.77164132795533,-0.856790473069734,6.55221746413792,0.0538602047752592,0,8.3,6.62929529276207,1.67070470723794,49.485,3.62474989234348,3.00576590828668,0,0,0,9,6.15046638529661,5.97280342855704,2.32719657144296,2.14953361470339
"1976-Q1",27.833,6.00624619134673,-0.819255341383856,5.83278327213472,27.949,6.31847230675594,-0.453169021199391,6.12688594908288,-0.312226115409207,0,7.73333333333333,6.14279652249541,1.59053681083792,50.219,3.5566695073094,4.78664580073032,0,0,0,10,6.16611401523145,5.95280030960005,1.78053302373328,1.56721931810188
"1976-Q2",28.066,5.59861539619234,-0.407630795154395,5.44750734196278,28.284,5.98021582733813,-0.338256479417809,5.80822475656579,-0.381600431145793,0,7.56666666666667,6.16534134785966,1.401325318807,50.683,3.48665458470761,6.0757639179573,0,0,0,11,6.18354292767812,5.85768092615026,1.70898574051641,1.38312373898855
"1976-Q3",28.492,5.22972374058207,-0.368891655610272,5.09756194697464,28.727,6.04673483701872,0.0665190096805928,5.87097056473271,-0.817011096436658,0,7.73333333333333,6.43514318141833,1.29819015191501,50.805,3.41334526024087,7.43513290617268,0,0,0,12,6.20319848626847,5.90737539129845,1.82595794203488,1.53013484706486
"1976-Q4",28.942,5.12895023610606,-0.100773504476003,5.0017508161285,29.176,5.97893207410097,-0.0678027629177524,5.80701343518628,-0.849981837994909,0,7.76666666666667,6.43721722175307,1.3294494449136,50.954,3.33578621794528,6.7949362843729,0,0,0,13,6.22532239088341,5.85314635813567,1.913520308531,1.54134427578326
"1977-Q1",29.465,5.86354327596738,0.734593039861321,5.69807512207943,29.667,6.14691044402304,0.167978369922071,5.96538961702224,-0.283367168055659,0,7.5,6.29494930196378,1.20505069803622,51.282,3.2536505461766,6.68636098859948,0,0,0,14,6.24997145196946,6.00580893415522,1.49419106584478,1.25002854803054
"1977-Q2",29.969,6.7804460913561,0.916902815388715,6.56046347429142,30.121,6.4948380709942,0.347927626971159,6.29263291697817,0.285608020361897,0,7.13333333333333,6.04178487476696,1.09154845856637,51.492,3.16715182548847,5.44292910676986,0,0,0,15,6.27696986995269,6.27670541145031,0.856627921883017,0.856363463380638
"1977-Q3",30.42,6.76681173662783,-0.0136343547282705,6.54769407150391,30.622,6.59658161311658,0.101743542122377,6.3881257810313,0.170230123511249,0,6.9,5.94326441229025,0.956735587709753,52.032,3.07703999744116,5.26188019663774,0,0,0,16,6.30598924368555,6.39162810943787,0.508371890562128,0.59401075631445
"1977-Q4",30.852,6.59940570796766,-0.167406028660168,6.39077507559516,31.067,6.48135453797643,-0.115227075140153,6.27997090732291,0.118051169991234,0,6.66666666666667,5.74876529669439,0.917901369972282,51.365,2.98442059379515,3.79913104981308,0,0,0,17,6.3367010067339,6.39102640271928,0.275640263947393,0.329965659932766
"1978-Q1",31.358,6.42457152553878,-0.174834182428882,6.22662996483823,31.552,6.35386119257086,-0.127493345405563,6.16016614642616,0.0707103329679146,0,6.33333333333333,5.59771732022906,0.735616013104273,51.389,2.89074052759204,2.32979549572871,0,0,0,18,6.36883011695472,6.36563078827514,-0.0322974549418067,-0.0354967836213902
"1978-Q2",32.002,6.78367646568121,0.359104940142431,6.56348867748249,32.096,6.55688722153978,0.20302602896892,6.35088088677489,0.226789244141425,0,6,5.33708691771214,0.662913082287855,52.405,2.79757401038218,3.39758893514591,0,0,0,19,6.40213548557746,6.43587269618396,-0.435872696183964,-0.402135485577463
"1978-Q3",32.564,7.04799474030243,0.264318274621218,6.81070968805848,32.647,6.61289269152896,0.056005469989179,6.40342630038897,0.435102048773465,0,6.03333333333333,5.40127719731561,0.632056136017723,52.435,2.70640760605469,3.20834563527212,0,0,0,20,6.43637402425117,6.42467421325212,-0.391340879918785,-0.403040690917836
"1978-Q4",33.179,7.54246078050046,0.494466040198033,7.27155675986344,33.233,6.97202819712234,0.359135505593376,6.73971955795025,0.570432583378121,0,5.9,5.35124705670138,0.548752943298621,52.777,2.61882163083067,3.57773678219571,0,0,0,21,6.47132373038149,6.48532086764208,-0.585320867642082,-0.571323730381493
"1979-Q1",33.804,7.80024236239557,0.257781581895106,7.51097207439773,33.687,6.76660750507099,-0.205420692051351,6.54750278382861,1.03363485732458,0,5.86666666666667,5.33741234176811,0.529254324898558,52.297,2.53647482874833,1.97925197925198,0,0,0,22,6.50675528899223,6.42915037286298,-0.56248370619631,-0.640088622325563
"1979-Q2",34.728,8.51821761139928,0.71797524900372,8.17478771506095,34.427,7.26258723828516,0.495979733214168,7.01097284606096,1.25563037311413,0,5.7,5.20095469054032,0.49904530945968,52.2,2.46117577433824,1.37497086926126,0,0,0,23,6.54244813331796,6.5030238206883,-0.803023820688298,-0.842448133317962
"1979-Q3",35.59,9.29247021250462,0.774252601105333,8.88573158103698,35.063,7.40037369436703,0.137786456081874,7.13934755440002,1.89209651813759,0,5.86666666666667,5.37658255921528,0.490084107451389,52.133,2.39464597606074,0.194111316113173,0,0,0,24,6.57813319352068,6.50047989011557,-0.6338132234489,-0.711466526854009
"1979-Q4",36.451,9.86165948340817,0.569189270903555,9.40517472502016,35.794,7.7061956489032,0.305821954536171,7.42369234361062,2.15546383450497,0,5.96666666666667,5.42341945432231,0.543247212344358,52.07,2.33843722285978,1.37252993283364,0,0,0,25,6.61351675956699,6.5231076339961,-0.556440967329427,-0.646850092900316
"1980-Q1",37.545,11.0667376641818,1.20507818077358,10.4961074869611,36.67,8.85504794134237,1.14885229243917,8.48469758247234,2.21168972283938,0,6.3,5.76663820257053,0.533361797429473,52.317,2.29375747013867,1.80583393333203,0,0,0,26,6.64825658810886,6.76672400909754,-0.466724009097541,-0.34825658810886
"1980-Q2",38.464,10.7578898871228,-0.308847777058977,10.217646091545,37.49,8.89708658901444,0.042038647672074,8.52330905076863,1.86080329810833,0,7.33333333333333,6.63659069622229,0.696742637111042,51.77,2.26166375028665,-1.21171643927106,0,0,0,27,6.68195393009479,6.77580036554509,0.557532967788245,0.651379403238538
"1980-Q3",39.364,10.6041022759202,-0.153787611202588,10.0786993514638,38.325,9.30325414254342,0.406167553528979,8.89559813270844,1.30084813337676,0,7.66666666666667,6.81007710930353,0.85658955736314,51.975,2.24313685764035,-0.877276628206352,0,0,0,28,6.71428407861139,6.88956180652629,0.777104860140382,0.952382588055278
"1980-Q4",40.338,10.6636306274176,0.0595283514974447,10.1325059794366,39.259,9.68039336201599,0.377139219472568,9.24004357111774,0.983237265401639,0,7.4,6.35662762739471,1.04337237260529,52.502,2.23861487088176,-0.521060310362466,0,0,0,29,6.74498098076742,7.07257604710641,0.327423952893592,0.655019019232583
"1981-Q1",41.384,10.2250632574244,-0.43856736999321,9.73541191493665,40.129,9.43277883828742,-0.247614523728572,9.01402828719,0.792284419137001,0,7.43333333333333,6.27391701891195,1.15941631442138,53.31,2.24804830408574,1.93701359542613,0,0,0,30,6.77388813225158,7.12972495924387,0.303608374089461,0.659445201081749
"1981-Q2",42.078,9.3957986688852,-0.829264588539218,8.98022998700863,40.888,9.06375033342223,-0.369028504865184,8.67623907181576,0.332048335462968,0,7.4,6.35046532922157,1.04953467077843,52.622,2.27095647208004,0.808429118773941,0,0,0,31,6.80105377566906,7.05320930627832,0.346790693721678,0.598946224330943
"1981-Q3",42.772,8.657656742201,-0.738141926684202,8.3031989857671,41.641,8.65231572080886,-0.411434612613375,8.29828340703629,0.00534102139214099,0,7.4,6.37794670966751,1.02205329033249,53.117,2.30681009051922,1.8874800989776,0,0,0,32,6.82674855164189,6.87732403000725,0.522675969992749,0.573251448358111
"1981-Q4",43.427,7.65779166046903,-0.999865081731968,7.37874147707629,42.381,7.95231666624213,-0.699999054566725,7.65194312912429,-0.294525005773102,0,8.23333333333333,7.18093235362439,1.05240097970894,52.559,2.35485135515886,0.93912041482619,0,0,0,33,6.85140069799875,6.72124178963068,1.51209154370265,1.38193263533458
"1982-Q1",43.979,6.27053933887492,-1.38725232159411,6.08179145588945,43.002,7.159410899848,-0.792905766394132,6.91473612847027,-0.888871560973078,0,8.83333333333333,7.67212295389229,1.16121037944104,52.303,2.41425694144336,-0.0267599441864077,0,0,0,34,6.87547006224231,6.62444852335229,2.20888480998104,1.95786327109102
"1982-Q2",44.402,5.52307619183421,-0.747463147040717,5.3759474685898,43.584,6.59362160046959,-0.565789299378415,6.38534890610689,-1.07054540863538,0,9.43333333333333,7.93547488739284,1.49785844594049,52.314,2.48398231685772,1.05080162256132,0,0,0,35,6.89933514255747,6.62411231053177,2.80922102280156,2.53399819077586
"1982-Q3",45.103,5.44982698961938,-0.0732492022148232,5.3065080248949,44.282,6.34230686102639,-0.2513147394432,6.14930151105297,-0.892479871407003,0,9.9,8.21739746725497,1.68260253274503,52.405,2.56260153999852,0.827320827320827,0,0,0,36,6.92321754866737,6.70359181674974,3.19640818325026,2.97678245133263
"1982-Q4",45.601,5.0061021944873,-0.443724795132085,4.8848278618729,44.899,5.94134163894198,-0.400965222084407,5.77153741876311,-0.935239444454681,0,10.6666666666667,8.5226675318511,2.14399913481556,52.844,2.64846473497889,0.651403756047386,0,0,0,37,6.9471668760251,6.77038973771571,3.89627692895099,3.7194997906416
"1983-Q1",45.978,4.54535119034085,-0.46075100414645,4.44507739562141,45.489,5.78345193246825,-0.157889706473735,5.62239122470745,-1.2381007421274,0,10.3666666666667,7.94116583713952,2.42550082952715,53.532,2.73965088830058,0.416432189082713,0,0,0,38,6.97109545400132,6.87928075216698,3.48738591449972,3.39557121266538
"1983-Q2",46.398,4.49529300481961,-0.0500581855212419,4.39718413862269,45.837,5.1693281938326,-0.614123738635646,5.04015147116399,-0.674035189012991,0,10.1333333333333,7.59303514511114,2.54029818822219,54.692,2.8339269456874,3.93371593630041,0,0,0,39,6.99480512625524,6.92870613788682,3.20462719544648,3.13852820707806
"1983-Q3",47.008,4.22366583154114,-0.271627173278467,4.13690368481077,46.533,5.08332956957681,-0.0859986242557849,4.9583464371953,-0.859663738035673,0,9.36666666666667,7.10349852060009,2.26316814606658,54.944,2.92869684994139,3.43957678332738,0,0,0,40,7.01804035225741,7.0373881254343,2.32927854123237,2.34862631440926
"1983-Q4",47.318,3.76526830551961,-0.458397526021528,3.69611266856502,46.905,4.46780551905388,-0.615524050522938,4.37087567926464,-0.702537213534264,0,8.53333333333333,6.60126426157792,1.93206907175541,55.24,3.0215363858944,5.1009341882456,0,0,0,41,7.04050427961068,7.01500926739192,1.51832406594141,1.49282905372265
"1984-Q1",47.83,4.02801339771194,0.262745092192329,3.9490036475883,47.379,4.15485062322759,-0.312954895826282,4.07085540691154,-0.126837225515652,0,7.86666666666667,6.18924740102567,1.677419265641,55.451,3.11010116336784,6.01877521365888,0,0,0,42,7.0619121482761,7.01337368374548,0.853292982921189,0.80475451839057
"1984-Q2",48.293,4.08422776843829,0.0562143707263436,4.00302677643314,47.934,4.57490673473394,0.420056111506341,4.47334394892729,-0.49067896629565,0,7.43333333333333,5.99388073900941,1.43945259432393,55.779,3.19237169808975,6.62346599380664,0,0,0,43,7.08196326383211,7.0909344694076,0.342398863925735,0.351370069501224
"1984-Q3",48.666,3.52705922396187,-0.557168544476419,3.46628343247959,48.384,3.97782219070337,-0.597084544030566,3.90074422463442,-0.450762966741503,0,7.43333333333333,6.11019850019472,1.32313483313861,56.025,3.26678298610855,6.90773781127755,0,0,0,44,7.10032659531679,7.03167045926002,0.401662874073308,0.333006738016538
"1984-Q4",48.966,3.48281837778436,-0.0442408461775066,3.42354069250641,48.728,3.88657925594286,-0.0912429347605057,3.81295339562691,-0.403760878158504,0,7.3,6.03757621728856,1.26242378271144,56.087,3.33230613195633,6.13693134509121,0,0,0,45,7.11667671877175,7.11460819420415,0.185391805795848,0.183323281228255
"1985-Q1",49.544,3.58352498431946,0.100706606535102,3.52081059435543,49.393,4.25082842609596,0.364249170153092,4.16296211925404,-0.667303441776494,0,7.23333333333333,6.10995306280423,1.1233802705291,56.254,3.38848113935663,5.08480908615408,0,0,0,46,7.13064530015351,7.19668390342846,0.0366494299048696,0.102688033179819
"1985-Q2",49.945,3.42078562110451,-0.162739363214952,3.36357773648284,49.821,3.93666291150332,-0.314165514592638,3.86115171647656,-0.515877290398808,0,7.3,6.15373484212659,1.14626515787341,56.427,3.43528623472255,3.17231039274482,0,0,0,47,7.14186271259078,7.23130295440907,0.0686970455909339,0.15813728740922
"1985-Q3",50.337,3.43360867957097,0.0128230584664566,3.37597588594076,50.333,4.02819113756613,0.091528226062815,3.9491745051262,-0.594582457995167,0,7.2,6.12814415495966,1.07185584504034,57.144,3.47296469570887,4.00407687827605,0,0,0,48,7.1500006033393,7.28169845832124,-0.081698458321239,0.0499993966607049
"1985-Q4",50.688,3.51672589143488,0.0831172118639092,3.45630164767998,50.694,4.03464127401084,0.00645013644470449,3.95537468645792,-0.517915382575962,0,7.03333333333333,5.98421267002071,1.04912066331262,57.374,3.50171870999503,3.86314265025344,0,0,0,49,7.15478651980593,7.30832088755468,-0.27498755422135,-0.121453186472602
"1986-Q1",51.047,3.03366704343614,-0.483058847998738,2.98856133323619,51.241,3.74142084910817,-0.293220424902667,3.67312790926539,-0.707753805672033,0,7.03333333333333,6.02564541142127,1.00768792191206,58.056,3.52183345153905,4.69784133739697,0,0,0,50,7.15603032055693,7.33419352708979,-0.300860193756455,-0.122696987223599
"1986-Q2",50.993,2.09830813895285,-0.935358904483286,2.0765968417936,51.592,3.55472591878927,-0.186694930318904,3.49300398153507,-1.45641777983642,0,7.16666666666667,6.14544609665428,1.02122057001239,58.514,3.53365056678957,4.90327901181448,0,0,0,51,7.15363782313837,7.31104566450033,-0.144378997833663,0.0130288435282999
"1986-Q3",51.263,1.83960108866241,-0.258707050290447,1.82288512135451,51.947,3.20664375260764,-0.348082166181626,3.15630424349802,-1.36704266394524,0,6.96666666666667,5.95532799133852,1.01133867532814,58.765,3.53769545342742,4.89067380633646,0,0,0,52,7.14762619710042,7.29134417328051,-0.324677506613839,-0.180959530433753
"1986-Q4",51.573,1.74597537878787,-0.0936257098745303,1.73090835355056,52.37,3.3061111768651,0.09946742425746,3.25263478926336,-1.56013579807723,0,6.83333333333333,5.8342538951712,0.999079438162137,58.643,3.53470751357794,4.55720576960793,0,0,0,53,7.13811099189411,7.2850555656005,-0.451722232267174,-0.304777658560777
"1987-Q1",52.061,1.98640468587773,0.240429307089852,1.96693310192702,52.701,2.84928084931988,-0.456830327545219,2.8094437858134,-0.862876163442156,-0.862876163442156,6.6,5.66710615081864,0.932893849181355,58.373,3.52563755223414,3.76684324670246,0,0,0,54,7.12529758070556,7.20584650233649,-0.605846502336492,-0.525297580705556
"1987-Q2",52.564,3.08081501382542,1.0944103279477,3.03431063793425,53.213,3.14195999379749,0.29267914447761,3.09361056905155,-0.0611449799720694,-0.0611449799720694,6.26666666666667,5.36173911105664,0.90492755561003,58.764,3.51159613974152,4.14163432399384,0,0,0,55,7.10948317707946,7.15293215118423,-0.886265484517564,-0.842816510412791
"1987-Q3",53.062,3.5093537249088,0.42853871108338,3.44917967875431,53.69,3.35534294569464,0.213382951897148,3.30027963911683,0.154010779214162,0.154010779214162,6,5.16723990994667,0.832760090053327,58.772,3.49373153483534,2.84894302113958,0,0,0,56,7.09101533763654,6.96687345569218,-0.966873455692177,-1.09101533763654
"1987-Q4",53.52,3.77523122564133,0.265877500732527,3.70571360925069,54.236,3.56310864999045,0.207765704295812,3.50109863086661,0.212122575650877,0.212122575650877,5.83333333333333,5.09041456362742,0.742918769705915,59.35,3.47329043971715,3.44406874193886,0,0,0,57,7.07026877460634,6.76672514355987,-0.933391810226544,-1.23693544127301
"1988-Q1",53.943,3.6149901077582,-0.160241117883127,3.55118255302185,54.758,3.90315174285118,0.340043092860731,3.82890460444152,-0.288161635092981,-0.288161635092981,5.7,5.00030299858417,0.69969700141583,59.56,3.45141880838325,2.59060217720822,0,0,0,58,7.04754061154216,6.73601045142378,-1.03601045142378,-1.34754061154216
"1988-Q2",54.539,3.75732440453543,0.142334296777224,3.68845673011098,55.422,4.15124123804333,0.248089495192144,4.06738994399358,-0.393916833507902,-0.393916833507902,5.46666666666667,4.80078065943732,0.665886007229346,59.715,3.42925802893964,2.05250025634891,0,0,0,59,7.02293825722793,6.86536205586823,-1.39869538920156,-1.55627159056126
"1988-Q3",55.211,4.04997926953375,0.292654864998329,3.97011676159122,56.061,4.41609238219408,0.264851144150754,4.32136191737498,-0.366113112660327,-0.366113112660327,5.46666666666667,4.82515379357485,0.641512873091821,59.87,3.40781498689371,1.88037096911426,0,0,0,60,6.99637441409747,7.0392424066458,-1.57257573997913,-1.5297077474308
"1988-Q4",55.769,4.20216741405081,0.152188144517059,4.11627436335689,56.687,4.51913857954127,0.103046197347184,4.42000129497342,-0.316971165490452,-0.316971165490452,5.33333333333333,4.73868259562135,0.594650737711981,60.011,3.38788144935088,2.33275923810174,0,0,0,61,6.96766329945878,7.10021233825755,-1.76687900492422,-1.63432996612545
"1989-Q1",56.41,4.57334593923215,0.371178525181337,4.47185142342748,57.306,4.65320135870557,0.134062779164302,4.54818535368844,-0.0798554194734171,-0.0798554194734171,5.2,4.65420065341093,0.545799346589066,60.041,3.37001052028881,2.85748548130129,0,0,0,62,6.93664592311518,7.0992898173542,-1.8992898173542,-1.73664592311518
"1989-Q2",57.17,4.82407084838373,0.250724909151575,4.71132431933787,57.827,4.33943199451482,-0.313769364190752,4.24791677971541,0.48463885386891,0.48463885386891,5.23333333333333,4.70469013621393,0.528643197119401,60.226,3.35459044083961,2.48791777278605,0,0,0,63,6.90324613801926,7.01094770525327,-1.77761437191994,-1.66991280468593
"1989-Q3",57.507,4.15859158501023,-0.665479263373493,4.07444707314619,58.258,3.91894543443749,-0.420486560077323,3.84410384632314,0.23964615057274,0.23964615057274,5.23333333333333,4.78825619428237,0.445077139050967,60.513,3.34192937009808,2.96229497039406,0,0,0,64,6.86748944955748,6.86236313442376,-1.62902980109043,-1.63415611622415
"1989-Q4",57.959,3.9269128010185,-0.231678783991737,3.85177045719773,58.791,3.71160936369891,-0.207336070738586,3.64438744152302,0.215303437319589,0.215303437319589,5.36666666666667,4.84431290093613,0.522353765730536,60.52,3.33220004955462,1.97135636057288,0,0,0,65,6.82946867659585,6.76234391861724,-1.39567725195057,-1.46280200992918
"1990-Q1",58.799,4.23506470483957,0.308151903821077,4.14784002053574,59.468,3.77272885910726,0.0611194954083532,3.70330224704496,0.462335845732313,0.462335845732313,5.3,4.79509413161465,0.504905868385346,61.086,3.32551590282469,2.56212222968435,0,0,0,66,6.78927343405339,6.70416145997047,-1.40416145997047,-1.48927343405339
"1990-Q2",59.333,3.78345285989155,-0.451611844948027,3.71363583547861,60.132,3.98602728829094,0.213298429183677,3.90863511299058,-0.202574428399391,-0.202574428399391,5.33333333333333,4.82505336568421,0.508279967649125,61.507,3.32177772169733,3.00092104161433,0,0,0,67,6.74695138387539,6.64066310269692,-1.30732976936359,-1.41361805054206
"1990-Q3",60.087,4.48641035004435,0.702957490152807,4.38868324630723,60.74,4.2603590923135,0.274331804022565,4.17210375461439,0.226051257730852,0.226051257730852,5.7,5.1054780807915,0.594521919208504,61.7,3.32076701770016,3.05662268247871,0,0,0,68,6.70249699302335,6.64259135485612,-0.94259135485612,-1.00249699302335
"1990-Q4",60.882,5.04322020738797,0.55680985734362,4.92017004994816,61.25,4.1826129849807,-0.0777461073328007,4.09750674598097,0.860607222407272,0.860607222407272,6.13333333333333,5.46843395283535,0.664899380497981,61.061,3.32221516850454,1.74967922547532,0,0,0,69,6.65583829828302,6.60779160746579,-0.474458274132457,-0.522504964949691
"1991-Q1",61.202,4.08680419735029,-0.956416010037679,4.00550207656289,61.793,3.90966570256272,-0.272947282417985,3.83517366887531,0.177138494787578,0.177138494787578,6.6,5.85463746618969,0.745362533810312,61.249,3.32581227922944,2.01195849502841,0,0,0,70,6.60686589541629,6.54908373010869,0.0509162698913102,-0.00686589541629168
"1991-Q2",61.536,3.7129422075405,-0.373861989809797,3.64567257757029,62.27,3.55551120867426,-0.354154493888457,3.49376231187728,0.157430998866238,0.157430998866238,6.83333333333333,5.99781034414531,0.835522989188024,62.247,3.33100274625274,3.35569355427888,0,0,0,71,6.5554403510033,6.43765225127176,0.395681082061574,0.277892982330029
"1991-Q3",61.954,3.10716128280659,-0.605780924733904,3.05986622036709,62.83,3.44089562067829,-0.114615587995964,3.38302067972522,-0.333734337871702,-0.333734337871702,6.86666666666667,5.93924328546473,0.92742338120194,62.78,3.33702567629853,3.746302447408,0,0,0,72,6.50138611777087,6.41917589389044,0.447490772776228,0.365280548895802
"1991-Q4",62.404,2.49991787392005,-0.607243408886541,2.46918113600021,63.325,3.38775510204082,-0.0531405186374738,3.3316346462902,-0.88783722812077,-0.88783722812077,7.1,6.0146260463623,1.0853739536377,63.075,3.34312403402964,4.22174487772637,0,0,0,73,6.44445403088347,6.36079297994041,0.739207020059592,0.65554596911653
"1992-Q1",62.795,2.60285611581321,0.102938241893163,2.56955837472184,63.809,3.26250546178369,-0.125249640257127,3.21041567927587,-0.65964934597048,-0.65964934597048,7.36666666666667,6.0457191314726,1.32094753519407,64.325,3.34860473360443,5.30236060635826,0,0,0,74,6.38434354411566,6.42012333647238,0.946543330194287,0.982323122551008
"1992-Q2",63.212,2.72360894435778,0.120752828544563,2.68717871404878,64.26,3.19576039826562,-0.066745063518074,3.1457584803352,-0.472151453907843,-0.472151453907843,7.6,6.06499678735963,1.53500321264037,64.872,3.35291197368805,5.47092200887704,0,0,0,75,6.32070182308516,6.31043132336836,1.28956867663164,1.27929817691484
"1992-Q3",63.615,2.6810214029764,-0.0425875413813732,2.64571174037878,64.64,2.8807894318001,-0.314970966465521,2.84007477979848,-0.199768028823695,-0.199768028823695,7.63333333333333,5.99206071401717,1.64127261931616,65.454,3.35579522730078,6.08427876823337,0,0,0,76,6.2531983957799,6.26902655731935,1.36430677601398,1.38013493755343
"1992-Q4",64.059,2.65207358502659,-0.0289478179498128,2.61751578088836,65.114,2.8251085669167,-0.0556808648833975,2.78593839694796,-0.17303498189011,-0.17303498189011,7.36666666666667,5.78617789679005,1.58048876987662,65.846,3.3573349065309,7.83642586921276,0,0,0,77,6.18149637112549,6.20274572862568,1.16392093804099,1.18517029554118
"1993-Q1",64.441,2.62122780476153,-0.0308457802650643,2.58746240298837,65.563,2.74882853515962,-0.0762800317570771,2.71172662055914,-0.127600730398098,-0.127600730398098,7.13333333333333,5.67769083890249,1.45564249443084,65.279,3.35803774901997,6.57969926039608,0,0,0,78,6.10526875064851,5.86485478135183,1.2684785519815,1.02806458268482
"1993-Q2",64.874,2.62924761121305,0.00801980645152112,2.59527705622062,66.061,2.80267662620604,0.0538480910464161,2.76412039139142,-0.173429014992993,-0.173429014992993,7.06666666666667,5.72872418717189,1.33794247949477,64.902,3.35911035037245,4.26526579594197,0,0,0,79,6.02420181672399,5.86466949881347,1.2019971678532,1.04246484994268
"1993-Q3",65.155,2.4208127014069,-0.208434909806149,2.39197550022059,66.43,2.76918316831684,-0.0334934578891994,2.73153474643095,-0.348370466909942,-0.348370466909942,6.8,5.43699972185308,1.36300027814692,65.18,3.36226269080397,3.82287352660084,0,0,0,80,5.93783159299611,5.77123949929191,1.02876050070809,0.862168407003886
"1993-Q4",65.531,2.2978816403628,-0.122931061044095,2.27187794272581,66.772,2.54630340633351,-0.222879761983332,2.51442511359237,-0.248421765970705,-0.248421765970705,6.63333333333333,5.23553214721562,1.39780118611771,65.433,3.36934633731852,3.7384066587396,0,0,0,81,5.84559439541041,5.59042287122452,1.04291046210881,0.787738937922924
"1994-Q1",65.766,2.05614438013067,-0.241737260232137,2.03529109616678,67.075,2.30617878986624,-0.240124616467273,2.27998838734802,-0.250034409735569,-0.250034409735569,6.56666666666667,5.2113413248567,1.35532534180996,65.619,3.3822848273632,2.01165954139137,0,0,0,82,5.74682241985381,5.62588135965655,0.940785307010121,0.819844246812859
"1994-Q2",66.133,1.94068502019299,-0.115459359937677,1.92209387383162,67.526,2.2176473259563,-0.0885314639099395,2.19341512972733,-0.276962305763306,-0.276962305763306,6.2,4.88594528537278,1.31405471462722,65.677,3.4030593640603,1.2409051670983,0,0,0,83,5.64068838001066,5.67769185361505,0.522308146384949,0.55931161998934
"1994-Q3",66.607,2.22853196224388,0.287846942050887,2.2040630531424,67.903,2.21737166942646,-0.000275656529834301,2.19314545329796,0.011160292817415,0.011160292817415,6,4.81482046432167,1.18517953567833,65.306,3.43343699033122,-0.226112995386067,0,0,0,84,5.52628940140266,5.69096381804344,0.309036181956562,0.473710598597341
"1994-Q4",66.92,2.119607514001,-0.108924448242877,2.09745629974787,68.248,2.21050739831067,-0.00686427111579446,2.18642986132513,-0.0908998843096671,-0.0908998843096671,5.63333333333333,4.50192878413291,1.13140454920043,65.991,3.47484691250404,0.220210794885029,0,0,0,85,5.40274573672252,5.76524381102728,-0.13191047769395,0.230587596610812
"1995-Q1",67.247,2.2519234862999,0.132315972298902,2.2269420359839,68.606,2.28251956764814,0.0720121693374747,2.25685981522892,-0.0305960813482393,-0.0305960813482393,5.46666666666667,4.4947648140998,0.971901852566869,66.04,3.5281465322216,1.16576540694559,0,0,0,86,5.26928056017335,5.7368926458295,-0.270225979162826,0.197386106493323
"1995-Q2",67.639,2.27722921990534,0.0253057336054394,2.25168739223234,69.013,2.20211474098867,-0.080404826659473,2.1782183749318,0.0751144789166731,0.0751144789166731,5.66666666666667,4.67670728323116,0.989959383435505,66.348,3.59368471423336,2.22797448460756,0,0,0,87,5.12534360725469,5.64231585907411,0.0243508075925618,0.541323059411978
"1995-Q3",67.915,1.96375756301891,-0.31347165688643,1.94472461461608,69.342,2.11919944626893,-0.0829152947197374,2.09705670112301,-0.15544188325002,-0.15544188325002,5.66666666666667,4.71771250220242,0.948954164464245,66.342,3.67144120123794,1.78275544645596,0,0,0,88,4.97067687101964,5.60085471423544,0.0658119524312308,0.695989795647033
"1995-Q4",68.214,1.93365212193664,-0.0301054410822763,1.91519462564012,69.69,2.11288242878911,-0.00631701747982039,2.09087058440343,-0.179230306852476,-0.179230306852476,5.56666666666667,4.64733398518504,0.91933268148163,66.708,3.7611823437106,1.94855806703038,0,0,0,89,4.80534545217865,5.60631142532748,-0.0396447586608097,0.761321214488016
"1996-Q1",68.593,2.0015762784957,0.0679241565590643,1.98180808875144,69.964,1.97941870973385,-0.133463719055263,1.96008295808392,0.0221575687618516,0.0221575687618516,5.53333333333333,4.60992907801418,0.923404255319149,67.122,3.86237938497739,2.2904951309834,0,0,0,90,4.62980831259422,5.66586789756506,-0.132534564231728,0.90352502073911
"1996-Q2",69.052,2.08903147592367,0.0874551974279694,2.06751041845994,70.296,1.85907003028415,-0.120348679449698,1.84200055453241,0.229961445639519,0.229961445639519,5.5,4.45563947671126,1.04436052328874,67.775,3.97422034582116,3.19442118245352,0,0,0,91,4.44502501786203,5.53322168360478,-0.0332216836047818,1.05497498213797
"1996-Q3",69.346,2.10704557167047,0.0180140957467967,2.0851543380239,70.617,1.83871246863374,-0.0203575616504144,1.82201254929399,0.26833310303673,0.26833310303673,5.26666666666667,4.31497345185465,0.95169321481202,68.02,4.09564764011005,4.15582029216305,0,0,0,92,4.25260267081838,5.62803703287797,-0.361370366211305,1.01406399584829
"1996-Q4",69.819,2.35288943618613,0.24584386451566,2.32563566556134,71.019,1.9070167886354,0.0683043200016598,1.88906114246903,0.44587264755073,0.44587264755073,5.33333333333333,4.4528825476927,0.880450785640631,68.081,4.22548183809294,3.16709854374082,0,0,0,93,4.05482849721568,5.29268939839885,0.0406439349344758,1.27850483611765
"1997-Q1",70.127,2.2363798055195,-0.116509630666624,2.21173952262728,71.298,1.90669487164828,-0.000321916987115589,1.88874524911276,0.329684933871221,0.329684933871221,5.23333333333333,4.40150757104539,0.831825762287941,67.936,4.36255291199557,2.8709872804361,0,0,0,94,3.85484936928259,5.17280685046849,0.0605264828648355,1.37848396405074
"1997-Q2",70.303,1.81167815559287,-0.424701649926629,1.79546282049978,71.67,1.95459201092522,0.0478971392769427,1.93573518122863,-0.142913855332351,-0.142913855332351,5,4.18640074838495,0.813599251615052,68.937,4.50552546165395,3.90215228793633,0,0,0,95,3.65658582231106,5.45086500891501,-0.450865008915012,1.34341417768894
"1997-Q3",70.488,1.6468145242696,-0.164863631323274,1.63340159097354,71.837,1.72762932438365,-0.226962686541578,1.7128754942215,-0.0808148001140467,-0.0808148001140467,4.86666666666667,4.07350464894941,0.793162017717257,69.501,4.65283102977417,4.76168942751199,0,0,0,96,3.46478211501873,4.17416912797673,0.692497538689939,1.40188455164794
"1997-Q4",70.71,1.27615692003608,-0.370657604233518,1.26808265855116,72.065,1.47284529492107,-0.254784029462579,1.46210426599485,-0.196688374884986,-0.196688374884986,4.66666666666667,3.96397800116373,0.702688665502939,69.843,4.80280688200392,4.69958625652096,0,0,0,97,3.28530393061492,2.17698701935789,2.48967964730878,1.38136273605175
"1998-Q1",70.715,0.838478759964077,-0.437678160072004,0.83498305371954,72.277,1.37311004516256,-0.0997352497585104,1.36376830693843,-0.534631285198479,-0.534631285198479,4.63333333333333,3.94368114173774,0.689652191595595,70.472,4.95380729311553,4.99091207055808,0,0,0,98,3.124460319192,2.84370074102393,1.7896325923094,1.50887301414133
"1998-Q2",70.843,0.768103779355086,-0.0703749806089905,0.765168881403344,72.498,1.15529510255337,-0.217814942609182,1.14867252673978,-0.387191323198288,-0.387191323198288,4.4,3.80822230367229,0.591777696327708,70.862,5.1041704096586,4.55477683511618,0,0,0,99,2.98786763277283,-3.17609333833518,7.57609333833518,1.41213236722717
"1998-Q3",71.062,0.814323005334239,0.0462192259791523,0.811025286176648,72.756,1.27928504809499,0.123989945541615,1.27117132210799,-0.46496204276075,-0.46496204276075,4.53333333333333,3.91419394162208,0.619139391711252,71.805,5.25224017580423,5.56453984122319,0,0,0,100,2.88096674864392,1.83017931308152,2.70315402025181,1.65236658468941
"1998-Q4",71.249,0.762268420308304,-0.0520545850259349,0.759377834639796,72.987,1.2794005411781,0.000115493083110652,1.27128535630279,-0.517132120869795,-0.517132120869795,4.43333333333333,3.82283394414559,0.61049938918774,72.362,5.39627469297748,6.28809800091067,0,0,0,101,2.80534606848483,3.09657345244673,1.3367598808866,1.6279872648485
"1999-Q1",71.39,0.954535812769564,0.19226739246126,0.950008904190636,73.171,1.23690800669647,-0.042492534481632,1.22932080005551,-0.282372193926903,-0.282372193926903,4.3,3.75353971682265,0.546460283177346,73.357,5.53458085942612,7.9795690061234,0,0,0,102,2.76193725182788,1.07549431161485,3.22450568838515,1.53806274817212
"1999-Q2",71.796,1.34522818062477,0.390692367855202,1.33626032225616,73.425,1.2786559629231,0.0417479562266376,1.27055018114577,0.0665722177016612,0.0665722177016612,4.26666666666667,3.7190191545179,0.547647512148764,73.613,5.66560492078981,6.78300477247342,0,0,0,103,2.75185397532038,1.55223955776566,2.71442710890101,1.51481269134629
"1999-Q3",72.191,1.58875348287412,0.243525302249351,1.576264896305,73.695,1.29061520699323,0.0119592440701233,1.28235774111269,0.298138275880889,0.298138275880889,4.23333333333333,3.73508629815217,0.498247035181163,74.312,5.7881751521061,6.92220255823656,0,0,0,104,2.77515588877202,-4.46181780260021,8.69515113593354,1.45817744456131
"1999-Q4",72.629,1.93686928939355,0.348115806519432,1.91835071454882,74.042,1.44546289065177,0.154847683658541,1.43511566680896,0.49140639874178,0.49140639874178,4.06666666666667,3.58618292128303,0.480483745383632,75.388,5.9012944221394,7.9392351416749,0,0,0,105,2.83115288298149,1.84247739566466,2.22418927100201,1.23551378368518
"2000-Q1",73.219,2.56198347107437,0.625114181680822,2.52971466138199,74.43,1.72062702436758,0.275164133715808,1.70599187659359,0.841356446706794,0.841356446706794,4.03333333333333,3.58252352179644,0.450809811536898,75.13,6.0041427914363,6.60971733454422,0,0,0,106,2.9146317401904,3.18566439050777,0.847668942825557,1.11870159314293
"2000-Q2",73.568,2.46810407265027,-0.0938793984240966,2.43813843848759,74.689,1.72148450800136,0.000857483633778688,1.70683485214802,0.746619564648918,0.746619564648918,3.93333333333333,3.51179482383747,0.421538509495865,76.56,6.09621874878084,8.04098106178207,0,0,0,107,3.01976132046076,3.85272384807594,0.0806094852573929,0.91357201287257
"2000-Q3",74.042,2.56403152747572,0.0959274548254481,2.53171153769385,75.05,1.8386593391682,0.117174831166843,1.821960379075,0.725372188307524,0.725372188307524,4,3.55058388523554,0.449416114764457,76.537,6.17711540397938,6.59007032936425,0,0,0,108,3.14087987926105,4.19472948832888,-0.194729488328884,0.859120120738948
"2000-Q4",74.46,2.52103154387364,-0.0429999836020789,2.48977773365349,75.421,1.8624564436401,0.0237971044719039,1.8453251058598,0.658575100233541,0.658575100233541,3.9,3.48504775763003,0.414952242369973,77.288,6.24672973594974,6.80744036925458,0,0,0,109,3.2728462736395,4.37284381108674,-0.472843811086736,0.627153726360495
"2001-Q1",75.012,2.44881792977234,-0.0722136141013081,2.41931506094861,75.912,1.99113260781943,0.128676164179324,1.97156882996383,0.457685321952909,0.457685321952909,4.23333333333333,3.74734890189488,0.48598443143845,76.893,6.30502324781679,4.82026255163107,0,0,0,110,3.41117801665002,4.57816357697413,-0.344830243640798,0.822155316683314
"2001-Q2",75.363,2.43991953023054,-0.00889839954179816,2.41062898121802,76.199,2.02171671866005,0.0305841108406242,2.00155136407449,0.418202811570487,0.418202811570487,4.4,3.93613856323389,0.463861436766114,78.225,6.35204505374188,6.26519772322823,0,0,0,111,3.55208011980739,4.69566850073135,-0.295668500731345,0.847919880192613
"2001-Q3",75.401,1.83544474757569,-0.604474782654844,1.81880377592485,76.395,1.79213857428381,-0.229578144376241,1.77626909252062,0.0433061732918836,0.0433061732918836,4.83333333333333,4.26731209694449,0.566021236388839,78.683,6.38761227402758,5.88195715362258,0,0,0,112,3.69248696060163,4.42457559610899,0.408757737224342,1.14084637273171
"2001-Q4",75.432,1.30539887187753,-0.530045875698163,1.29695197188058,76.764,1.78067116585565,-0.0114674084281601,1.7650029431219,-0.47527229397812,-0.47527229397812,5.5,4.811028335926,0.688971664074003,79.661,6.41152845908106,5.66801082400381,0,0,0,113,3.83004765926081,4.47946756928774,1.02053243071226,1.66995234073919
"2002-Q1",75.584,0.762544659521147,-0.542854212356383,0.759651983722165,77,1.43323848666877,-0.347432679186883,1.42306471822264,-0.670693827147619,-0.670693827147619,5.7,4.83907098335631,0.860929016643689,81.304,6.42351815069692,8.21775588979104,0,0,0,114,3.96286889141023,4.3507346791992,1.3492653208008,1.73713110858977
"2002-Q2",76.145,1.03764446744423,0.275099807923085,1.03229789107031,77.424,1.60763264609773,0.174394159428963,1.59484708040543,-0.569988178653497,-0.569988178653497,5.83333333333333,4.76878779020924,1.06454554312409,81.457,6.4231897160393,6.39629049111807,0,0,0,115,4.08946322011891,4.67502038750877,1.15831294582456,1.74387011321442
"2002-Q3",76.539,1.50926380286734,0.471619335423111,1.49798773227561,77.836,1.886249100072,0.278616453974269,1.86868000912321,-0.376985297204655,-0.376985297204655,5.73333333333333,4.64163320807416,1.09170012525917,82.057,6.41043187191906,7.21219802187177,0,0,0,116,4.20858562457328,4.92636386639236,0.806969466940966,1.52474770876004
"2002-Q4",76.896,1.94082087177855,0.43155706891121,1.92222713906816,78.113,1.75733416705748,-0.128914933014518,1.7420716002877,0.183486704721074,0.183486704721074,5.86666666666667,4.62701615218375,1.23965051448292,81.979,6.38512913214316,6.06950626229169,0,0,0,117,4.31935705718937,4.9249705690006,0.941696097666068,1.5473096094773
"2003-Q1",77.484,2.51375952582556,0.572938654047007,2.48268428574336,78.354,1.75844155844156,0.00110739138407756,1.74315986126414,0.755317967384003,0.755317967384003,5.86666666666667,4.63499209010658,1.23167457656008,82.774,6.3472912864795,7.6482904815783,0,0,0,118,4.42134708178435,4.90234111981247,0.964325546854199,1.44531958488232
"2003-Q2",77.562,1.86092323855802,-0.652836287267544,1.84381992262113,78.651,1.58477991320519,-0.173661645236363,1.57235339306636,0.276143325352822,0.276143325352822,6.13333333333333,4.79717292002818,1.33616041330515,83.864,6.29687880862256,7.20869287312242,0,0,0,119,4.51450377062027,4.79179835573095,1.34153497760238,1.61882956271306
"2003-Q3",78.073,2.00420700557884,0.143283767020828,1.9843871598356,79.011,1.50958425407266,-0.0751956591325322,1.49830341843815,0.494622751506183,0.494622751506183,6.13333333333333,4.74377645291949,1.38955688041384,85.703,6.23405545339105,8.92187639007155,0,0,0,120,4.59907581723296,4.67662334054297,1.45670999279036,1.53425751610037
"2003-Q4",78.457,2.03001456512692,0.0258075595480709,2.0096844452488,79.365,1.60280619103094,0.0932219369582743,1.59009687653269,0.427208374095979,0.427208374095979,5.83333333333333,4.47933340144626,1.35399993188707,86.513,6.15912744655128,8.6014486386061,0,0,0,121,4.67548522427393,4.6914182470068,1.14191508632653,1.1578481090594
"2004-Q1",79.062,2.03654948118322,0.00653491605630041,2.01608913588398,79.801,1.84674681573372,0.243940624702788,1.82990152392417,0.189802665449491,0.189802665449491,5.7,4.37644014120478,1.32355985879522,86.292,6.07282098589089,6.13499950801928,0,0,0,122,4.74420246159675,4.76927337740609,0.930726622593905,0.955797538403246
"2004-Q2",79.594,2.61983961218122,0.583290130998003,2.58610965950696,80.258,2.04320351934495,0.196456703611229,2.02261015334528,0.576636092836265,0.576636092836265,5.6,4.35389408099689,1.24610591900311,87.173,5.97624388188378,7.0171992585045,0,0,0,123,4.80570795719423,4.87995376638719,0.720046233612806,0.794292042805769
"2004-Q3",79.985,2.44899004777581,-0.170849564405411,2.41948306470148,80.545,1.94150181620282,-0.101701703142138,1.92289511696373,0.507488231572992,0.507488231572992,5.43333333333333,4.29890370049088,1.13442963284245,87.535,5.87051366039795,6.67584727689289,0,0,0,124,4.86049780838153,4.89066814781628,0.542665185517052,0.572835524951802
"2004-Q4",80.669,2.81937876798756,0.370388720211757,2.78036586835277,80.982,2.03742203742204,0.0959202212192281,2.01694427309951,0.781956730565522,0.781956730565522,5.43333333333333,4.24198336088502,1.19134997244832,87.969,5.756910496579,7.30674928945217,0,0,0,125,4.90911451610456,4.94449544876922,0.488837884564115,0.524218817228771
"2005-Q1",81.138,2.625787356758,-0.193591411229567,2.59190539281073,81.558,2.20172679540357,0.16430475798153,2.17783878755986,0.424060561354425,0.424060561354425,5.3,4.17393611280981,1.12606388719019,88.984,5.63684039895009,7.50235581221156,0,0,0,126,4.95211943777139,5.02075498680341,0.279245013196593,0.347880562228615
"2005-Q2",81.65,2.58310927959395,-0.0426780771640431,2.55031062915387,81.962,2.12315283211643,-0.0785739632871385,2.10092797052805,0.45995644747752,0.45995644747752,5.1,4.09565849024976,1.00434150975024,88.806,5.51195153834579,5.89287417723933,0,0,0,127,4.99009604387298,4.98894587884377,0.111054121156233,0.109903956127017
"2005-Q3",82.532,3.1843470650747,0.601237785480744,3.13469798294239,82.281,2.15531690359427,0.0321640714778351,2.13241838827525,1.02903016148043,1.02903016148043,4.96666666666667,4.02480157625817,0.941865090408499,89.346,5.38418357238397,4.25072634563551,0,0,0,128,5.02367070211847,5.00707978282203,-0.0404131161553618,-0.0570040354518024
"2005-Q4",83.189,3.12387658208233,-0.0604704829923661,3.07607648579111,82.831,2.28322343236769,0.127906528773422,2.25754797025353,0.84065314971464,0.84065314971464,4.96666666666667,4.03247307241122,0.934193594255448,89.43,5.25553567784485,3.3717475986268,0,0,0,129,5.05346906136383,5.0565713269833,-0.0899046603166251,-0.0868023946971599
"2006-Q1",83.621,3.06021839335452,-0.0636581887278127,3.01432759991513,83.311,2.1493906177199,-0.133832814647787,2.12661696945533,0.910827775634614,0.910827775634614,4.73333333333333,3.87253469362452,0.860798639708813,90.103,5.12782992881695,4.41640012979186,0,0,0,130,5.08010640114047,5.04331573983152,-0.309982406498194,-0.346773067807137
"2006-Q2",84.355,3.31292100428659,0.252702610932068,3.25922646414645,83.975,2.45601620263048,0.306625584910571,2.42634102779959,0.85690480165611,0.85690480165611,4.63333333333333,3.81465859555618,0.81867473777715,89.946,5.00259405750143,3.18103082376423,0,0,0,131,5.10419993989581,5.13984838779406,-0.50651505446073,-0.470866606562476
"2006-Q3",84.962,2.94431250908739,-0.368608495199194,2.9018000783215,84.427,2.60813553554284,0.152119332912359,2.57470373237378,0.336176973544557,0.336176973544557,4.63333333333333,3.79501050015943,0.838322833173907,89.737,4.88124463519336,2.51556520249043,0,0,0,132,5.12634390191395,5.15128419277162,-0.517950859438288,-0.49301056858062
"2006-Q4",84.822,1.96299991585427,-0.981312593233121,1.9439815564966,84.791,2.36626383841798,-0.24187169712486,2.33870176322437,-0.403263922563704,-0.403263922563704,4.43333333333333,3.73136123925202,0.701972094081312,90.35,4.76491361393253,2.70663529197786,0,0,0,133,5.14715479175894,5.11948191606632,-0.686148582732988,-0.713821458425614
"2007-Q1",85.597,2.36304277633609,0.400042860481816,2.33555510861443,85.376,2.47866428202758,0.112400443609605,2.44844375773843,-0.115621505691494,-0.115621505691494,4.5,3.73253945093188,0.767460549068117,90.48,4.65436330834736,1.68120111480717,0,0,0,134,5.16726470167662,5.20609433724569,-0.706094337245687,-0.667264701676617
"2007-Q2",86.324,2.33418291743227,-0.028859858903814,2.30735750212787,85.731,2.09109854123251,-0.387565740795071,2.06953516524484,0.243084376199763,0.243084376199763,4.5,3.73549043318069,0.764509566819311,90.73,4.55003442707848,2.16652028016126,0,0,0,135,5.18728842836549,4.98499179720924,-0.484991797209237,-0.687288428365494
"2007-Q3",86.812,2.17744403380334,-0.156738883628933,2.15407632525411,86.152,2.04318523695026,-0.0479133042822522,2.02259223701606,0.134258796853083,0.134258796853083,4.66666666666667,3.82934429692281,0.837322369743861,91.661,4.45190312217377,2.59105052268708,0,0,0,136,5.20786503704633,4.99592201409644,-0.329255347429767,-0.541198370379659
"2007-Q4",87.694,3.38591403173705,1.20846999793371,3.3298538873459,86.747,2.30684860421507,0.263663367264816,2.28064310064493,1.07906542752198,1.07906542752198,4.8,3.9324331360536,0.867566863946405,92.417,4.35957312159565,3.340042491334,0,0,0,137,5.2295071575454,5.20923859184755,-0.409238591847545,-0.429507157545399
"2008-Q1",88.408,3.28399359790648,-0.101920433830572,3.23122274819081,87.207,2.14463080959519,-0.162217794619884,2.12195720693042,1.13936278831129,1.13936278831129,5,4.10810529781814,0.891894702181863,91.841,4.27235739508787,1.92890358811582,0,0,0,138,5.25259495529964,5.0923476272523,-0.0923476272523045,-0.252594955299638
"2008-Q2",89.269,3.41156572911358,0.127572131207104,3.3546624077764,87.573,2.14858102669979,0.00395021710460286,2.12582441041658,1.26298470241379,1.26298470241379,5.33333333333333,4.34659428830953,0.986739045023808,92.825,4.18940961073321,3.2008093745136,0,0,0,139,5.27749592789242,5.12715112861315,0.206182204720183,0.0558374054409105
"2008-Q3",90.221,3.92687646869097,0.515310739577391,3.85173549769311,88.02,2.1682607484446,0.0196797217448115,2.14508833563656,1.75861572024637,1.75861572024637,6,4.81193926846101,1.18806073153899,93.079,4.10951727195711,3.724216321027,0,0,0,140,5.30447741832709,5.09951073856401,0.900489261435995,0.695522581672915
"2008-Q4",88.781,1.23953748260999,-2.68733898608098,1.23191811541963,87.95,1.38679147405674,-0.781469274387861,1.37726350871397,-0.147253991446755,-0.147253991446755,6.86666666666667,5.34050024775406,1.52616641891261,92.814,4.0313134133981,2.72717210846707,0,0,0,141,5.33371280410743,4.90301139873863,1.96365526792804,1.53295386255924
"2009-Q1",88.181,-0.256764093747177,-1.49630157635716,-0.257094298098348,87.95,0.851995826023151,-0.534795648033592,0.848386826115988,-1.10875991977033,-1.10875991977033,8.26666666666667,6.35670939183073,1.90995727483594,93.67,3.95337086642111,3.52564102564102,0,0,0,142,5.36524735856238,4.96841451765714,3.29825214900953,2.90141930810429
"2009-Q2",88.532,-0.825594551300013,-0.568830457552837,-0.829021457718238,88.294,0.823313121624249,-0.0286827043989019,0.81994238763512,-1.64890767292426,-1.64890767292426,9.3,6.6782047192503,2.6217952807497,95.727,3.8740586903122,5.5075498732503,0,0,0,143,5.39885716664252,5.1165072787912,4.1834927212088,3.90114283335748
"2009-Q3",89.142,-1.19595216191353,-0.370357610613519,-1.20316120523993,88.607,0.666893887752787,-0.156419233871462,0.664679987922856,-1.86284604966632,-1.86284604966632,9.63333333333333,6.26323935015866,3.37009398317468,97.141,3.79167911156979,5.97855140135936,0,0,0,144,5.43407029277287,5.09887514851511,4.53445818481822,4.19926304056046
"2009-Q4",89.83,1.18155911737871,2.37751127929224,1.17463321005093,89.159,1.37464468447982,0.707750796727034,1.36528214793685,-0.193085567101112,-0.193085567101112,9.93333333333333,6.07587684174203,3.8574564915913,98.551,3.70478958968965,6.63730698897389,0,0,0,145,5.47023833269853,5.36806532253771,4.56526801079562,4.4630950006348
"2010-Q1",90.177,2.26352615642827,1.08196703904956,2.23828853343537,89.464,1.72143263217737,0.346787947697547,1.706783854232,0.542093524250897,0.542093524250897,9.83333333333333,5.71810240885473,4.1152309244786,98.802,3.61228928296281,7.5794035343692,0,0,0,146,5.50650338519946,5.26823780833214,4.56509552500119,4.32682994813387
"2010-Q2",90.317,2.01622012379704,-0.247306032631225,1.99616354752488,89.706,1.59920266382767,-0.122229968349695,1.58655013285243,0.417017459969367,0.417017459969367,9.63333333333333,5.31807435830329,4.31525897503005,99.055,3.51353555552397,6.71155399946136,0,0,0,147,5.54194369092426,5.00134423850048,4.63198909483285,4.09138964240907
"2010-Q3",90.49,1.51219402750667,-0.504026096290368,1.5008743479771,89.843,1.39492365163024,-0.204279012197436,1.38528413086201,0.117270375876436,0.117270375876436,9.46666666666667,5.3732306519517,4.09343601471497,99.766,3.40850563310957,7.18421985625116,0,0,0,148,5.57548857453598,5.09743615698643,4.36923050968024,3.89117809213069
"2010-Q4",91.07,1.38038517199153,-0.13180885551514,1.37094463386118,90.127,1.08570082661312,-0.30922282501712,1.07984940967834,0.294684345378416,0.294684345378416,9.5,5.4101558267051,4.0898441732949,100.036,3.29767643183796,7.78115370525999,0,0,0,149,5.60572948603992,5.18137072631904,4.31862927368096,3.89427051396008
"2011-Q1",91.835,1.83860629650575,0.458221124514212,1.82190829406466,90.523,1.18371635518197,0.0980155285688524,1.1767652337376,0.654889941323777,0.654889941323777,9.03333333333333,5.08814773416722,3.94518559916611,99.317,3.18211482317482,6.02861108145617,0,0,0,150,5.63095909268041,5.38996587887103,3.6433674544623,3.40237424065292
"2011-Q2",92.738,2.68055847736307,0.841952180857327,2.64526090082677,91.053,1.5015718012173,0.317855446035334,1.49040981001267,1.17898667614577,1.17898667614577,9.06666666666667,5.08832064782956,3.9783460188371,99.295,3.06358822190982,3.72726607958047,0,0,0,151,5.64920483747695,5.75058642208161,3.31608024458506,3.41746182918972
"2011-Q3",93.167,2.9583379378937,0.277779460530625,2.91542343751336,91.468,1.8087107509767,0.3071389497594,1.79254817660546,1.14962718691699,1.14962718691699,9,4.98331450478014,4.01668549521986,99.036,2.94430880787298,1.95077258829948,0,0,0,152,5.65834354269039,6.22211728981124,2.77788271018876,3.34165645730961
"2011-Q4",93.475,2.64082573844296,-0.31751219945074,2.60655792834497,91.794,1.84961221387598,0.0409014628992732,1.83271492535777,0.79121352456698,0.79121352456698,8.63333333333333,4.94866734186858,3.68466599146475,99.608,2.82659246055959,1.07254112084099,0,0,0,153,5.65631539407199,7.524876251707,1.10845708162633,2.97701793926134
"2012-Q1",94.094,2.45984646376654,-0.180979274676419,2.43007940225892,92.373,2.04367950686567,0.194067292989691,2.0230766091152,0.41616695690087,0.41616695690087,8.26666666666667,4.82297364602491,3.44369302064176,100.003,2.71259981943063,1.21556243800732,0,0,0,154,5.64141293596494,7.59313971956796,0.67352694709871,2.62525373070173
"2012-Q2",94.321,1.70695939097242,-0.752887072794123,1.6925545314856,92.755,1.86924099151044,-0.174438515355231,1.85198538303641,-0.162281600538022,-0.162281600538022,8.2,4.74839287482723,3.45160712517277,100.475,2.60421745342523,1.43354701933268,0,0,0,155,5.61309656324845,6.54408846300285,1.65591153699715,2.58690343675155
"2012-Q3",94.595,1.53273154657765,-0.174227844394767,1.52110388002074,93.023,1.70004810425503,-0.169192887255405,1.68575900678354,-0.167316557677384,-0.167316557677384,8.03333333333333,4.74948964336343,3.28384368996991,100.253,2.50309801939171,0.488142252871715,0,0,0,156,5.57204650004149,6.53317990426804,1.50015342906529,2.46128683329184
"2012-Q4",95.126,1.7662476598021,0.23351611322445,1.75083077469917,93.435,1.7876985423884,0.0876504381333654,1.77190713609212,-0.0214508825862998,-0.0214508825862998,7.8,4.68704449969991,3.11295550030009,99.867,2.41071125692303,-0.168939181894515,0,0,0,157,5.51952484040037,6.84573236516689,0.95426763483311,2.28047515959963
"2013-Q1",95.459,1.45067698259189,-0.315570677210212,1.44025533279226,93.799,1.54374113647928,-0.243957405909121,1.53194668201246,-0.0930641538873904,-0.0930641538873904,7.73333333333333,4.75776690696876,2.97556642636457,100.374,2.32821206877364,1.06426895697615,0,0,0,158,5.45739438675904,5.84682161026397,1.88651172306936,2.27593894657429
"2013-Q2",95.508,1.25846842166643,-0.192208560925452,1.25061552335417,94.064,1.41124467683683,-0.132496459642451,1.40137932695623,-0.152776255170391,-0.152776255170391,7.53333333333333,4.71308972548583,2.82024360784751,100.026,2.25635228731694,0.736190140490452,0,0,0,159,5.38834682125444,5.794803723733,1.73852960960033,2.14498651207889
"2013-Q3",95.901,1.38062265447434,0.122154232807901,1.37117888253186,94.434,1.51682917128022,0.105584494443397,1.50544033928348,-0.136206516805887,-0.136206516805887,7.23333333333333,4.54024601031076,2.69308732302258,100.547,2.19568625381508,1.52570782341774,0,0,0,160,5.31531721803819,5.66816743610519,1.56516589722814,1.91801611529514
"2013-Q4",96.254,1.18579568151715,-0.194826972957189,1.17882021357554,94.842,1.50585968855354,-0.0109694827266866,1.49463417490949,-0.32006400703639,-0.32006400703639,6.93333333333333,4.38553491572067,2.54779841761266,101.309,2.14653078419481,1.70769416111155,0,0,0,161,5.24149468682596,5.25147966608893,1.6818536672444,1.69183864650737
"2014-Q1",96.696,1.29584428917126,0.110048607654116,1.28752006261461,95.141,1.43071887759997,-0.075140810953563,1.42058068005078,-0.134874588428711,-0.134874588428711,6.66666666666667,4.24899810008504,2.41766856658163,100.26,2.10909801025309,0.256992290231298,0,0,0,162,5.17028886871971,4.32014588802782,2.34652077863885,1.49637779794696
"2014-Q2",97.129,1.69724002177829,0.401395732607028,1.68299782692438,95.557,1.58721721381188,0.15649833621191,1.57475264162557,0.110022807966407,0.110022807966407,6.2,4.08475447767589,2.11524552232411,101.126,2.08353149556455,0.647922368748455,0,0,0,163,5.10511564543346,3.35340692316699,2.84659307683301,1.09488435456654
"2014-Q3",97.394,1.55681379756208,-0.140426224216211,1.54481977446181,95.915,1.56829108160197,-0.0189261322099081,1.55612047907825,-0.0114772840398958,-0.0114772840398958,6.06666666666667,4.1494990142617,1.91716765240497,101.952,2.06968541218505,1.69471237768446,0,0,0,164,5.04885955931826,4.19016360850104,1.87650305816563,1.01780710734841
"2014-Q4",97.265,1.05034595964843,-0.506467837913653,1.04486815038562,96.175,1.40549545559984,-0.162795626002137,1.39570995150455,-0.355149495951412,-0.355149495951412,5.7,3.89520994452768,1.80479005547232,101.408,2.06718961824441,1.54305225950514,0,0,0,165,5.00331033477378,3.41087411413236,2.28912588586764,0.696689665226224
"2015-Q1",96.829,0.137544469264494,-0.912801490383931,0.137449963507663,96.336,1.25603052311831,-0.149464932481526,1.24820789470439,-1.11848605385382,-1.11848605385382,5.53333333333333,3.83252146956202,1.70081186377131,102.113,2.07561538233578,1.73252037380198,0,0,0,166,4.96972101123039,3.71906126134009,1.81427207199324,0.56361232210294
"2015-Q2",97.312,0.188409228963536,0.0508647596990414,0.188231961399765,96.765,1.26416693701142,0.00813641389310349,1.25624305761605,-1.07575770804788,-1.07575770804788,5.43333333333333,3.90145260538437,1.53188072794896,102.47,2.09445207659001,2.44336472517146,0,0,0,167,4.94834935548059,3.1374502912523,2.29588304208103,0.484983977852737
"2015-Q3",97.565,0.175575497463902,-0.0128337314996343,0.175421543864207,97.077,1.21148933951936,-0.0526775974920579,1.20420954440341,-1.03591384205546,-1.03591384205546,5.1,3.75237310523209,1.34762689476791,102.788,2.12313546454289,2.22880841795379,0,0,0,168,4.93867147197319,2.47689695903756,2.62310304096244,0.161328528026808
"2015-Q4",97.49,0.231326787642003,0.0557512901781016,0.231059639139986,97.319,1.18949831037172,-0.0219910291476337,1.18247938439815,-0.958171522729721,-0.958171522729721,5.03333333333333,3.70198766568288,1.33134566765045,102.22,2.16115582733153,0.899229091196243,0,0,0,169,4.93903165324185,4.27213998972041,0.761193343612918,0.0943016800914815
"2016-Q1",97.538,0.73221865350257,0.500891865860567,0.729550947100766,97.726,1.44286663344959,0.25336832307787,1.43255637006838,-0.710647979947024,-0.710647979947024,4.9,3.53455898878175,1.36544101121826,102.501,2.20801995749202,2.23518850987433,0,0,0,170,4.94623558274964,5.5601453426053,-0.660145342605301,-0.0462355827496417
"2016-Q2",98.157,0.868341006247944,0.136122352745374,0.864592609347525,98.262,1.5470469694621,0.104180336012505,1.53520220434702,-0.678705963214155,-0.678705963214155,4.93333333333333,3.64967330129254,1.2836600320408,102.503,2.26303747150791,1.36166762256986,0,0,0,171,4.95667213666995,6.32317630857634,-1.38984297524301,-0.0233388033366229
"2016-Q3",98.496,0.954235637779939,0.0858946315319953,0.949711566945233,98.689,1.66053751145997,0.113490541997871,1.64690133613652,-0.706301873680031,-0.706301873680031,4.9,3.66417957238698,1.23582042761302,102.958,2.32552223094908,0.98673885750157,0,0,0,172,4.96711388477607,6.60980198868746,-1.70980198868746,-0.0671138847760702
"2016-Q4",98.947,1.49451225766746,0.540276619887522,1.48345446051872,99.028,1.75608051870653,0.0955430072465555,1.74083959466991,-0.261568261039064,-0.261568261039064,4.76666666666667,3.59532069450217,1.1713459721645,103.571,2.39464725834651,2.13296781319028,0,0,0,173,4.97518746194872,6.65877440543365,-1.89210773876698,-0.208520795282054
"2017-Q1",99.524,2.03612950849926,0.541617250831795,2.015677544596,99.488,1.80300022511921,0.0469197064126863,1.78693894535673,0.233129283380044,0.233129283380044,4.56666666666667,3.45568121163598,1.11098545503069,103.633,2.46937639132908,1.48854700185089,0,0,0,174,4.97954618313359,6.5994917768939,-2.03282511022723,-0.41287951646692
"2017-Q2",99.724,1.59642205853888,-0.439707449960377,1.58381325769303,99.821,1.58657466772506,-0.216425557394152,1.57412013279563,0.00984739081381991,0.00984739081381991,4.36666666666667,3.30375256187514,1.06291410479153,103.536,2.54863258011236,1.04030447935982,0,0,0,175,4.97989560511602,5.42468421561155,-1.05801754894488,-0.613228938449348
"2017-Q3",100.076,1.60412605588044,0.00770399734156135,1.59139591179196,100.123,1.45304947866531,-0.133525189059745,1.44259387641084,0.151076577215126,0.151076577215126,4.33333333333333,3.26387218263416,1.06946115069917,104.565,2.63118552031981,1.72880102735728,0,0,0,176,4.97695375067746,4.38992926282059,-0.0565959294872629,-0.643620417344132
"2017-Q4",100.676,1.74740012329833,0.14327406741789,1.73230863943887,100.568,1.55511572484549,0.102066246180176,1.54314771834905,0.19228439845284,0.19228439845284,4.16666666666667,3.19718833541397,0.969478331252696,105.028,2.71556923130916,2.74701623948347,0,0,0,177,4.97171663548094,5.10320548453353,-0.936538817866858,-0.805049968814271
"2018-Q1",101.38,1.86487681363289,0.117476690334557,1.84770119350031,101.208,1.72885172081055,0.173735995965059,1.71407712360256,0.136025092822338,0.136025092822338,4.03333333333333,3.15827721325081,0.875056120082525,105.312,2.80017673486111,2.74241226914859,0,0,0,178,4.96481338488456,5.23527706355463,-1.2019437302213,-0.931480051551228
"2018-Q2",101.912,2.19405559343789,0.329178779805004,2.17033256421262,101.751,1.93346089500206,0.204609174191512,1.91500702604968,0.26059469843583,0.26059469843583,3.93333333333333,3.10603113441149,0.827302198921843,105.729,2.88340596635138,3.14722495926948,0,0,0,179,4.95695530477708,6.01403926952881,-2.08070593619548,-1.02362197144375
"2018-Q3",102.254,2.17634597705745,-0.0177096163804431,2.15300166278185,102.076,1.95060076106388,0.0171398660618194,1.93182037179431,0.225745215993568,0.225745215993568,3.76666666666667,2.95625483451556,0.810411832151106,106.113,2.96364583545795,3.06435633947823,0,0,0,180,4.94902274084643,6.17386107683278,-2.40719441016611,-1.18235607417976
"2018-Q4",102.642,1.95279907823115,-0.223546898826297,1.93397660574535,102.552,1.97279452708616,0.0221937660222795,1.95358713973039,-0.0199954488550083,-0.0199954488550083,3.83333333333333,3.03554325848675,0.797790074846582,105.935,3.03932647357641,2.28249220341602,0,0,0,181,4.94255671625851,5.88314618635369,-2.04981285302036,-1.10922338292518
"2019-Q1",102.877,1.47662260800947,-0.476176470221682,1.46582668333144,102.962,1.73306457987511,-0.239729947211046,1.71821830062644,-0.256441971865644,-0.256441971865644,3.86666666666667,3.03316643759408,0.833500229072583,106.816,3.10889374811862,3.07141547576545,0,0,0,182,4.93986377813922,5.46636338893832,-1.59969672227165,-1.07319711147255
"2019-Q2",103.422,1.48167046078969,0.00504785278022268,1.47080095928231,103.413,1.63339918035203,-0.0996653995230858,1.62020272258143,-0.151728719562336,-0.151728719562336,3.63333333333333,2.8198917741384,0.813441559194933,107.485,3.17067527114172,3.81413228249111,0,0,0,183,4.94383834203323,3.8663023470429,-0.232969013709573,-1.3105050086999
"2019-Q3",103.674,1.38869873061201,-0.0929717301776849,1.37914465968878,103.802,1.69089697872175,0.057497798369722,1.67676044931504,-0.302198248109743,-0.302198248109743,3.63333333333333,2.8664578639852,0.766875469348133,108.096,3.2229927987228,3.37684693731173,0,0,0,184,4.95770388574201,0.0168055296167336,3.6165278037166,-1.32437055240868
"2019-Q4",104.08,1.40098595117009,0.0122872205580815,1.39126285060405,104.131,1.53970668538887,-0.15119029333288,1.52797348662483,-0.138720734218781,-0.138720734218781,3.6,2.86232830790234,0.737671692097657,108.724,3.26426862709698,3.51906158357771,0,0,0,185,4.98401042707012,-4.72624916078367,8.32624916078367,-1.38401042707012
"2020-Q1",104.416,1.49596119638014,0.0949752452100561,1.48488205333921,104.575,1.56659738544317,0.0268907000543033,1.55445292096292,-0.070636189063028,-0.070636189063028,3.8,3.0939624492055,0.7060375507945,108.601,3.29294909220852,3.12310088119113,0,0,0,186,5.02221992234958,-2.18461599029186,5.98461599029186,-1.22221992234958
"2020-Q2",103.962,0.522132621685914,-0.97382857469423,0.520774235645582,104.376,0.931217545182915,-0.635379840260258,0.926908445339425,-0.409084923497001,-0.409084923497001,12.9666666666667,12.2456380791735,0.721028587493191,113.024,3.30752034140114,6.89971530989606,0,0,0,187,5.06572541566995,18.2330913260031,-5.26642465933641,7.90094125099675
"2020-Q3",104.819,1.10442348129714,0.582290859611225,1.09836926053815,105.178,1.32560066280032,0.394383117617407,1.31689145896408,-0.221177181503183,-0.221177181503183,8.83333333333333,7.68156192313449,1.15177141019884,114.813,3.30644198323558,8.19880693223262,0,0,0,188,5.10341567867544,7.59591053049149,1.23742280284184,3.72991765465789
"2020-Q4",105.343,1.21348962336665,0.109066142069507,1.20618586556445,105.64,1.44913618422948,0.123535521429158,1.43873655528495,-0.235646560862834,-0.235646560862834,6.76666666666667,4.4012288862907,2.36543778037596,113.786,3.28873490673642,7.41114834568367,0,0,0,189,5.13240908670419,7.34177288688681,-0.575106220220144,1.63425757996248
"2021-Q1",106.578,2.07056389825315,0.857074274886501,2.04941910348939,106.57,1.9077217308152,0.458585546585714,1.88975289046027,0.162842167437952,0.162842167437952,6.2,3.62656680709419,2.57343319290581,114.739,3.2541844329515,7.41742810065908,0,0,0,190,5.15138182437672,7.29052856887089,-1.09052856887089,1.04861817562328
"2021-Q2",108.208,4.08418460591369,2.01362070766055,4.00298530758194,108.139,3.60523491990495,1.69751318908976,3.54176726756013,0.478949686008745,0.478949686008745,5.93333333333333,3.43819898931323,2.4951343440201,115.405,3.20322001002852,7.36847001907243,0,0,0,191,5.1603909286887,5.81707012849936,0.116263204833975,0.772942404644634
"2021-Q3",109.705,4.66136864499756,0.577184039083869,4.55598919294919,109.42,4.03316282872845,0.427927908823496,3.95395356771369,0.628205816269118,0.628205816269118,5.13333333333333,3.18904584524264,1.94428748809069,114.532,3.13692159293824,5.95396684428655,0,0,0,192,5.16083040335106,5.74745334247509,-0.614120009141756,-0.0274970700177342
"2021-Q4",111.514,5.85800670191659,1.19663805691903,5.6928450696331,110.814,4.89776599772813,0.86460316899968,4.78160326928974,0.960240704188463,0.960240704188463,4.2,2.87420472181966,1.32579527818034,115.383,3.05701995696534,6.12468268275633,0,0,0,193,5.15450467657467,4.85231129542692,-0.652311295426919,-0.954504676574668
"2022-Q1",113.59,6.57921897577361,0.721212273857024,6.3718362797526,112.43,5.49873322698697,0.600967229258845,5.35287595288034,1.08048574878664,1.08048574878664,3.8,2.83694865350674,0.963051346493261,113.601,2.96568604071503,4.60400917118627,0,0,0,194,5.1435848159073,4.01889092657731,-0.218890926577306,-1.3435848159073
"2022-Q2",115.577,6.81003252994233,0.230813554168721,6.58816736724246,113.734,5.17389655905825,-0.324836667928722,5.04449519578998,1.63613597088408,1.63613597088408,3.6,2.7897527578571,0.810247242142901,112.53,2.8655701050934,-0.437075311438278,0,0,0,195,5.13005301803354,4.44240538690186,-0.842405386901862,-1.53005301803354
"2022-Q3",116.905,6.56305546693405,-0.246977063008281,6.35666940690882,115.126,5.21476878084446,0.0408722217862074,5.08334921127069,1.3482866860896,1.3482866860896,3.56666666666667,2.87073580595269,0.695930860713974,112.864,2.75957839899572,-1.69754296116293,0,0,0,196,5.11518854595713,4.38932352684033,-0.822656860173656,-1.54852187929046
"2022-Q4",118.098,5.90419140197644,-0.658864064957617,5.73646447026794,116.457,5.092316855271,-0.12245192557346,4.96689860377844,0.81187454670544,0.81187454670544,3.6,2.8983747488055,0.701625251194502,113.31,2.65010113297088,-0.418329144182939,0,0,0,197,5.09984088291236,4.63092089751267,-1.03092089751267,-1.49984088291236
"2023-Q1",119.309,5.03477418786864,-0.869417214107791,4.91212920821393,117.874,4.84212398825935,-0.250192867011645,4.72854515928711,0.192650199609294,0.192650199609294,3.5,2.84615107033884,0.653848929661156,112.975,2.53883209235528,-1.53740227821404,0,0,0,198,5.08440584649655,4.89542689947154,-1.39542689947154,-1.58440584649655
"2023-Q2",120.044,3.86495583031226,-1.16981835755639,3.79213677379093,118.938,4.57558865422829,-0.266535334031056,4.47399603391814,-0.710632823916036,-0.710632823916036,3.56666666666667,2.84979528710758,0.716871379559083,113.941,2.4269856202545,-1.268575884927,0,0,0,199,5.06898617931617,5.09357695600387,-1.5269102893372,-1.5023195126495
